"Status","Start Time","Stop Time","Duration in ms","Parent Suite","Suite","Sub Suite","Test Class","Test Method","Name","Description"
"passed","Tue Apr 26 13:06:32 GMT 2022","Tue Apr 26 13:06:59 GMT 2022","27001","","Brands Not In Catalogue","","Brands Not In Catalogue","Search resulting in a brands not in catalogue experience WITH suggestions banner","Search resulting in a brands not in catalogue experience WITH suggestions banner",""
"passed","Mon May 23 20:04:38 GMT 2022","Mon May 23 20:04:59 GMT 2022","21484","","Customer Rating filter in the filter panel","","Customer Rating filter in the filter panel","Apply Customer Rating filter updates the URL","Apply Customer Rating filter updates the URL",""
"passed","Fri Apr 01 12:53:36 GMT 2022","Fri Apr 01 12:54:03 GMT 2022","26782","","Add to Trolley","","Add to Trolley","Add to trolley modal and close by clicking the background overlay","Add to trolley modal and close by clicking the background overlay",""
"passed","Wed Aug 17 10:26:40 GMT 2022","Wed Aug 17 10:26:49 GMT 2022","9692","","Add to Wishlist","","Add to Wishlist","Clicking the wishlist icon on a browse lister page","Clicking the wishlist icon on a browse lister page",""
"passed","Thu Apr 07 10:22:13 GMT 2022","Thu Apr 07 10:22:26 GMT 2022","13197","","Perceived Availability","","Perceived Availability","Close localise tooltip prompt on browse page","Close localise tooltip prompt on browse page",""
"passed","Fri Apr 01 12:53:44 GMT 2022","Fri Apr 01 12:54:15 GMT 2022","30164","","Add to Trolley","","Add to Trolley","Add to trolley modal and close by clicking the background overlay","Add to trolley modal and close by clicking the background overlay",""
"passed","Mon Apr 25 18:38:12 GMT 2022","Mon Apr 25 18:38:21 GMT 2022","9030","","Aggregations & Filters Functionality","","Aggregations & Filters Functionality","Filter panel persists after filtering browse page","Filter panel persists after filtering browse page",""
"passed","Mon Apr 25 16:53:26 GMT 2022","Mon Apr 25 16:53:37 GMT 2022","11303","","Applied filters","","Applied filters","Selected browse page filters should see in the applied filter section","Selected browse page filters should see in the applied filter section",""
"passed","Mon May 23 20:04:37 GMT 2022","Mon May 23 20:04:53 GMT 2022","15657","","Citrus in search","","Citrus in search","prepush: display 3 citrus products on plain search and sort (desktop/tablet)","prepush: display 3 citrus products on plain search and sort (desktop/tablet)",""
"passed","Fri Apr 01 12:51:58 GMT 2022","Fri Apr 01 12:52:27 GMT 2022","28682","","Add to Trolley","","Add to Trolley","Add to trolley modal and close using the continue shopping button","Add to trolley modal and close using the continue shopping button",""
"passed","Mon Apr 25 18:45:08 GMT 2022","Mon Apr 25 18:45:18 GMT 2022","10055","","Aggregations & Filters Functionality","","Aggregations & Filters Functionality","Closing error modal via the close button","Closing error modal via the close button",""
"passed","Thu Apr 07 10:01:59 GMT 2022","Thu Apr 07 10:02:07 GMT 2022","7740","","Perceived Availability","","Perceived Availability","Localise tooltip prompt displays on browse page","Localise tooltip prompt displays on browse page",""
"passed","Fri Apr 08 10:01:14 GMT 2022","Fri Apr 08 10:01:37 GMT 2022","22879","","Google AdSense","","Google AdSense","AdSense requests are called with correct adPage param","AdSense requests are called with correct adPage param",""
"passed","Thu Mar 31 10:53:28 GMT 2022","Thu Mar 31 10:53:35 GMT 2022","6177","","Back to search results page from search directory page","","Back to search results page from search directory page","Navigating directly to the /sd route","Navigating directly to the /sd route",""
"passed","Mon May 23 20:01:20 GMT 2022","Mon May 23 20:01:34 GMT 2022","14144","","Tagging - Lister Page","","Tagging - Lister Page","prepush","prepush",""
"passed","Thu Mar 31 10:52:40 GMT 2022","Thu Mar 31 10:53:03 GMT 2022","22844","","Google AdSense","","Google AdSense","AdSense requests are called with correct adPage param","AdSense requests are called with correct adPage param",""
"passed","Fri Apr 08 10:00:54 GMT 2022","Fri Apr 08 10:01:10 GMT 2022","16325","","Citrus in search","","Citrus in search","prepush: display 3 citrus products on plain search and sort (desktop/tablet)","prepush: display 3 citrus products on plain search and sort (desktop/tablet)",""
"passed","Thu Mar 31 10:53:48 GMT 2022","Thu Mar 31 10:54:11 GMT 2022","22948","","Google AdSense","","Google AdSense","AdSense requests are called with correct channel ids on desktop/tablet","AdSense requests are called with correct channel ids on desktop/tablet",""
"passed","Thu Mar 31 10:53:08 GMT 2022","Thu Mar 31 10:53:27 GMT 2022","18582","","Aggregations & Filters Functionality","","Aggregations & Filters Functionality","Perform sort after single select","Perform sort after single select",""
"passed","Mon Apr 25 18:43:51 GMT 2022","Mon Apr 25 18:44:00 GMT 2022","9917","","Aggregations & Filters Functionality","","Aggregations & Filters Functionality","Closing error modal via the 'x' button","Closing error modal via the 'x' button",""
"passed","Tue Apr 26 12:43:37 GMT 2022","Tue Apr 26 12:43:41 GMT 2022","4037","","Browse categories","","Browse categories","Legacy apache static redirect to new browse page","Legacy apache static redirect to new browse page",""
"passed","Tue Apr 26 12:28:19 GMT 2022","Tue Apr 26 12:28:35 GMT 2022","15556","","Applied filters","","Applied filters","Search page: category filter should not display in applied filter section","Search page: category filter should not display in applied filter section",""
"passed","Tue Apr 26 16:01:32 GMT 2022","Tue Apr 26 16:02:10 GMT 2022","37819","","Citrus in search","","Citrus in search","display 3 citrus products on plain search and sort (desktop/tablet)","display 3 citrus products on plain search and sort (desktop/tablet)",""
"passed","Mon Apr 25 18:01:04 GMT 2022","Mon Apr 25 18:01:13 GMT 2022","8914","","Applied filters","","Applied filters","Remove filters from within applied filter section","Remove filters from within applied filter section",""
"passed","Mon Apr 25 14:20:21 GMT 2022","Mon Apr 25 14:20:25 GMT 2022","4188","","Applied filters","","Applied filters","Bookmarked PLP+ page should not see applied filters section","Bookmarked PLP+ page should not see applied filters section",""
"passed","Mon Apr 25 18:32:24 GMT 2022","Mon Apr 25 18:32:42 GMT 2022","18437","","Aggregations & Filters Functionality","","Aggregations & Filters Functionality","Selecting multiple values in the same PRICE filter facet","Selecting multiple values in the same PRICE filter facet",""
"passed","Wed Apr 20 08:22:23 GMT 2022","Wed Apr 20 08:22:32 GMT 2022","9613","","Category facet exact match","","Category facet exact match","prepush","prepush",""
"passed","Wed Apr 20 08:22:30 GMT 2022","Wed Apr 20 08:22:48 GMT 2022","18398","","Aggregations & Filters Functionality","","Aggregations & Filters Functionality","Perform sort after single select","Perform sort after single select",""
"passed","Mon Jun 06 13:07:06 GMT 2022","Mon Jun 06 13:07:22 GMT 2022","15877","","Unsupported browser","","Unsupported browser","Customer browsing wishlist page with an unsupported browser","Customer browsing wishlist page with an unsupported browser",""
"passed","Wed Apr 20 08:21:52 GMT 2022","Wed Apr 20 08:22:13 GMT 2022","21448","","Pagination on search results page","","Pagination on search results page","Paginating backwards and forwards through the results with next and previous buttons","Paginating backwards and forwards through the results with next and previous buttons",""
"passed","Thu Apr 07 10:33:07 GMT 2022","Thu Apr 07 10:33:18 GMT 2022","11392","","Perceived Availability","","Perceived Availability","Close localise tooltip prompt on browse page","Close localise tooltip prompt on browse page",""
"passed","Wed Apr 20 08:21:53 GMT 2022","Wed Apr 20 08:22:17 GMT 2022","24773","","All Categories Link","","All Categories Link","selecting all categories link displays all categories for users search","selecting all categories link displays all categories for users search",""
"passed","Wed Aug 10 15:39:46 GMT 2022","Wed Aug 10 15:40:00 GMT 2022","13521","","Canned Search","","Canned Search","Serving 1 citrus ads canned search /list/test-test-test/ (mobile)","Serving 1 citrus ads canned search /list/test-test-test/ (mobile)",""
"passed","Mon May 23 20:02:05 GMT 2022","Mon May 23 20:02:29 GMT 2022","24751","","All Categories Link","","All Categories Link","selecting all categories link displays all categories for users search","selecting all categories link displays all categories for users search",""
"passed","Mon Apr 25 14:14:44 GMT 2022","Mon Apr 25 14:15:02 GMT 2022","18030","","All Categories Link","","All Categories Link","selecting all categories link displays all categories for users search","selecting all categories link displays all categories for users search",""
"passed","Wed Aug 10 11:24:55 GMT 2022","Wed Aug 10 11:25:19 GMT 2022","23684","","Citrus in search","","Citrus in search","display 1 citrus product on plain search (mobile)","display 1 citrus product on plain search (mobile)",""
"passed","Mon Apr 25 14:10:08 GMT 2022","Mon Apr 25 14:10:24 GMT 2022","15687","","All Categories Link","","All Categories Link","all categories link displayed after searching and selecting a category","all categories link displayed after searching and selecting a category",""
"passed","Mon Mar 28 15:12:51 GMT 2022","Mon Mar 28 15:13:01 GMT 2022","9960","","Back to search results page from search directory page","","Back to search results page from search directory page","Navigating directly to the /sd route","Navigating directly to the /sd route",""
"passed","Thu Mar 31 10:53:33 GMT 2022","Thu Mar 31 10:53:48 GMT 2022","15221","","Google AdSense","","Google AdSense","AdSense requests when going to no results","AdSense requests when going to no results",""
"passed","Wed Aug 10 14:08:42 GMT 2022","Wed Aug 10 14:08:51 GMT 2022","8869","","Add to Trolley","","Add to Trolley","Add to trolley modal and close using the X button","Add to trolley modal and close using the X button",""
"passed","Thu Sep 22 13:09:10 GMT 2022","Thu Sep 22 13:09:30 GMT 2022","20224","","CMS content in list","","CMS content in list","Content in PLP list not visible on pagination","Content in PLP list not visible on pagination",""
"passed","Mon May 23 20:03:39 GMT 2022","Mon May 23 20:03:47 GMT 2022","7932","","Feedback on search results page","","Feedback on search results page","Pre-push The feedback box should be reset when the user navigates to a different search term","Pre-push The feedback box should be reset when the user navigates to a different search term",""
"passed","Thu Mar 31 10:53:20 GMT 2022","Thu Mar 31 10:53:33 GMT 2022","13200","","Google AdSense","","Google AdSense","AdSense requests when coming from no results","AdSense requests when coming from no results",""
"passed","Fri Apr 08 10:00:55 GMT 2022","Fri Apr 08 10:01:01 GMT 2022","6537","","Category facet exact match","","Category facet exact match","prepush","prepush",""
"passed","Mon Mar 28 15:13:45 GMT 2022","Mon Mar 28 15:13:55 GMT 2022","10303","","Validate Filter Product Counts","","Validate Filter Product Counts","Prepush : Product count in search title","Prepush : Product count in search title",""
"passed","Wed Aug 10 11:05:31 GMT 2022","Wed Aug 10 11:05:47 GMT 2022","16705","","Citrus in search","","Citrus in search","display 1 citrus product on plain search (mobile)","display 1 citrus product on plain search (mobile)",""
"passed","Fri Apr 08 10:01:48 GMT 2022","Fri Apr 08 10:02:00 GMT 2022","11428","","Sorting Functionality","","Sorting Functionality","prepush - search sorting by Price: Low - High","prepush - search sorting by Price: Low - High",""
"passed","Fri Apr 08 10:02:24 GMT 2022","Fri Apr 08 10:02:47 GMT 2022","22616","","Google AdSense","","Google AdSense","AdSense requests are called with correct channel ids on desktop/tablet","AdSense requests are called with correct channel ids on desktop/tablet",""
"passed","Mon Apr 25 18:02:08 GMT 2022","Mon Apr 25 18:02:17 GMT 2022","9297","","Applied filters","","Applied filters","Search page: category filter should not display in applied filter section","Search page: category filter should not display in applied filter section",""
"failed","Thu Apr 07 09:58:14 GMT 2022","Thu Apr 07 09:58:22 GMT 2022","8394","","Perceived Availability","","Perceived Availability","Localise tooltip prompt search","Localise tooltip prompt search",""
"broken","Thu Apr 07 10:22:26 GMT 2022","Thu Apr 07 10:24:03 GMT 2022","96542","","Perceived Availability","","Perceived Availability","Close localise tooltip prompt on search page","Close localise tooltip prompt on search page",""
"passed","Mon Mar 28 15:12:22 GMT 2022","Mon Mar 28 15:12:35 GMT 2022","13430","","Feedback on search results page","","Feedback on search results page","Pre-push The feedback box should be reset when the user navigates to a different search term","Pre-push The feedback box should be reset when the user navigates to a different search term",""
"passed","Mon May 23 20:04:22 GMT 2022","Mon May 23 20:04:30 GMT 2022","7323","","Perceived Availability","","Perceived Availability","Add your postcode link displays when not localised (prepush)","Add your postcode link displays when not localised (prepush)",""
"broken","Mon May 23 20:04:23 GMT 2022","Mon May 23 20:07:23 GMT 2022","180060","","Perceived Availability","","Perceived Availability","Localised and product is OOS for collection and delivery (prepush)","Localised and product is OOS for collection and delivery (prepush)",""
"passed","Fri Apr 08 10:00:55 GMT 2022","Fri Apr 08 10:01:14 GMT 2022","18623","","Google AdSense","","Google AdSense","AdSense requests when navigating from browse PLP to search and back again","AdSense requests when navigating from browse PLP to search and back again",""
"passed","Mon May 16 15:32:08 GMT 2022","Mon May 16 15:32:20 GMT 2022","12215","","Product Card Variations","","Product Card Variations","Correct product card links for size searched variants large suitcase","Correct product card links for size searched variants large suitcase",""
"passed","Thu Mar 31 10:52:19 GMT 2022","Thu Mar 31 10:52:44 GMT 2022","24191","","Customer Rating filter in the filter panel","","Customer Rating filter in the filter panel","Apply Customer Rating filter updates the URL","Apply Customer Rating filter updates the URL",""
"passed","Thu Oct 20 18:51:44 GMT 2022","Thu Oct 20 18:51:47 GMT 2022","3044","","Search bar","","Search bar","Dismiss search term","Dismiss search term",""
"passed","Mon May 23 20:02:29 GMT 2022","Mon May 23 20:02:40 GMT 2022","10767","","Perceived Availability","","Perceived Availability","Localised and product is OOS for collection and delivery (prepush)","Localised and product is OOS for collection and delivery (prepush)",""
"passed","Wed Apr 20 08:21:52 GMT 2022","Wed Apr 20 08:22:16 GMT 2022","24423","","Google AdSense","","Google AdSense","AdSense requests when updating search term","AdSense requests when updating search term",""
"passed","Mon May 23 20:03:40 GMT 2022","Mon May 23 20:03:53 GMT 2022","13019","","Tagging - Lister Page","","Tagging - Lister Page","prepush","prepush",""
"broken","Mon May 23 20:04:22 GMT 2022","Mon May 23 20:07:22 GMT 2022","180148","","Dyson stub server","","Dyson stub server","Access the dyson stub server","Access the dyson stub server",""
"passed","Mon Mar 28 15:13:16 GMT 2022","Mon Mar 28 15:13:30 GMT 2022","14595","","Perceived Availability","","Perceived Availability","Localised and product is OOS for collection and delivery (prepush)","Localised and product is OOS for collection and delivery (prepush)",""
"passed","Mon Mar 28 15:12:45 GMT 2022","Mon Mar 28 15:13:02 GMT 2022","17504","","Sorting Functionality","","Sorting Functionality","prepush - search sorting by Price: Low - High","prepush - search sorting by Price: Low - High",""
"passed","Thu Sep 22 13:08:04 GMT 2022","Thu Sep 22 13:08:13 GMT 2022","8690","","CMS content in list","","CMS content in list","Content in PLP list","Content in PLP list",""
"passed","Fri Apr 08 10:01:29 GMT 2022","Fri Apr 08 10:01:37 GMT 2022","8089","","Back to search results page from search directory page","","Back to search results page from search directory page","Navigating directly to the /sd route","Navigating directly to the /sd route",""
"passed","Mon Apr 25 18:35:15 GMT 2022","Mon Apr 25 18:35:28 GMT 2022","12754","","Aggregations & Filters Functionality","","Aggregations & Filters Functionality","Perform sort after single select","Perform sort after single select",""
"passed","Fri Apr 01 12:54:50 GMT 2022","Fri Apr 01 12:55:15 GMT 2022","24840","","Add to Trolley","","Add to Trolley","Add to trolley modal and close using the continue shopping button","Add to trolley modal and close using the continue shopping button",""
"passed","Tue May 17 06:25:04 GMT 2022","Tue May 17 06:25:17 GMT 2022","13444","","Product Card Variations","","Product Card Variations","Correct product card links for size searched variants small suitcase","Correct product card links for size searched variants small suitcase",""
"broken","Wed Aug 10 14:40:38 GMT 2022","Wed Aug 10 14:41:27 GMT 2022","49160","","Citrus in browse","","Citrus in browse","display 3 citrus products filtered by price in browse (desktop/tablet)","display 3 citrus products filtered by price in browse (desktop/tablet)",""
"passed","Mon Jun 06 13:07:10 GMT 2022","Mon Jun 06 13:07:26 GMT 2022","15148","","Unsupported browser","","Unsupported browser","Customer browsing reviews page with an unsupported browser","Customer browsing reviews page with an unsupported browser",""
"broken","Tue May 31 15:48:57 GMT 2022","Tue May 31 15:49:24 GMT 2022","26666","","Accessibility","","Accessibility","Accessibility violations on white goods browse page","Accessibility violations on white goods browse page",""
"passed","Fri Apr 08 10:00:54 GMT 2022","Fri Apr 08 10:01:06 GMT 2022","11616","","Tagging - Lister Page","","Tagging - Lister Page","prepush","prepush",""
"passed","Mon Apr 25 18:38:21 GMT 2022","Mon Apr 25 18:38:30 GMT 2022","9036","","Aggregations & Filters Functionality","","Aggregations & Filters Functionality","Filter panel persists after filtering PLP+ page","Filter panel persists after filtering PLP+ page",""
"passed","Mon Apr 25 16:56:52 GMT 2022","Mon Apr 25 16:56:58 GMT 2022","6378","","Applied filters","","Applied filters","Clear all should remove applied filters section","Clear all should remove applied filters section",""
"passed","Thu Aug 11 07:55:37 GMT 2022","Thu Aug 11 07:55:51 GMT 2022","13883","","Citrus in browse","","Citrus in browse","display 2 citrus products on plain browse and sort (mobile)","display 2 citrus products on plain browse and sort (mobile)",""
"passed","Mon May 23 20:01:20 GMT 2022","Mon May 23 20:01:47 GMT 2022","27294","","Google AdSense","","Google AdSense","AdSense requests are called with correct channel ids on mobile","AdSense requests are called with correct channel ids on mobile",""
"passed","Mon Mar 28 15:12:22 GMT 2022","Mon Mar 28 15:12:40 GMT 2022","18047","","Pagination on search results page","","Pagination on search results page","Paginating backwards and forwards through the results with next and previous buttons","Paginating backwards and forwards through the results with next and previous buttons",""
"passed","Wed Aug 10 10:53:38 GMT 2022","Wed Aug 10 10:53:53 GMT 2022","15936","","Citrus in browse","","Citrus in browse","display 1 citrus product filtered by price in browse (mobile)","display 1 citrus product filtered by price in browse (mobile)",""
"passed","Mon Jun 06 13:07:05 GMT 2022","Mon Jun 06 13:07:47 GMT 2022","41494","","Unsupported browser","","Unsupported browser","Customer continues to use unsupported browser","Customer continues to use unsupported browser",""
"passed","Mon Jun 06 13:07:09 GMT 2022","Mon Jun 06 13:07:22 GMT 2022","12172","","Unsupported browser","","Unsupported browser","Customer browsing stores page with an unsupported browser","Customer browsing stores page with an unsupported browser",""
"passed","Fri Apr 01 12:52:56 GMT 2022","Fri Apr 01 12:53:26 GMT 2022","29925","","Add to Trolley","","Add to Trolley","Add to trolley modal and close using the X button","Add to trolley modal and close using the X button",""
"passed","Tue Apr 26 08:50:29 GMT 2022","Tue Apr 26 08:50:37 GMT 2022","8396","","Aggregations & Filters Functionality","","Aggregations & Filters Functionality","Close filter panel by clicking on background overlay","Close filter panel by clicking on background overlay",""
"passed","Tue Apr 26 13:36:11 GMT 2022","Tue Apr 26 13:36:22 GMT 2022","10543","","Canned Search","","Canned Search","Expanded category facet contains 20+ categories","Expanded category facet contains 20+ categories",""
"broken","Wed Jan 04 16:13:12 GMT 2023","Wed Jan 04 16:13:14 GMT 2023","2031","","Add to Trolley","","Add to Trolley","Add to trolley modal and close using the X button","Add to trolley modal and close using the X button",""
"passed","Mon Apr 25 18:34:21 GMT 2022","Mon Apr 25 18:34:34 GMT 2022","12506","","Aggregations & Filters Functionality","","Aggregations & Filters Functionality","Selecting single value in a filter","Selecting single value in a filter",""
"passed","Wed Sep 28 16:02:43 GMT 2022","Wed Sep 28 16:02:53 GMT 2022","10514","","Perceived Availability","","Perceived Availability","Localised and products available to collect right away","Localised and products available to collect right away",""
"passed","Mon May 23 20:03:39 GMT 2022","Mon May 23 20:03:49 GMT 2022","9921","","Bespoke white goods product card","","Bespoke white goods product card","Bespoke white goods product cards displayed on white goods browse lister","Bespoke white goods product cards displayed on white goods browse lister",""
"passed","Mon Mar 28 15:13:18 GMT 2022","Mon Mar 28 15:13:31 GMT 2022","12679","","Tagging - Lister Page","","Tagging - Lister Page","prepush","prepush",""
"passed","Fri Apr 08 10:01:13 GMT 2022","Fri Apr 08 10:01:20 GMT 2022","7556","","Validate Filter Product Counts","","Validate Filter Product Counts","Prepush : Product count in search title","Prepush : Product count in search title",""
"passed","Thu Apr 07 10:02:07 GMT 2022","Thu Apr 07 10:02:14 GMT 2022","7107","","Perceived Availability","","Perceived Availability","Localise tooltip prompt displays on search page","Localise tooltip prompt displays on search page",""
"passed","Wed Apr 20 08:21:01 GMT 2022","Wed Apr 20 08:21:23 GMT 2022","21600","","Citrus in search","","Citrus in search","prepush: display 3 citrus products on plain search and sort (desktop/tablet)","prepush: display 3 citrus products on plain search and sort (desktop/tablet)",""
"passed","Tue Apr 26 13:00:00 GMT 2022","Tue Apr 26 13:00:07 GMT 2022","6732","","Canned Search","","Canned Search","Serving 1 citrus ads canned search /list/test-test-test/ (desktop/tablet)","Serving 1 citrus ads canned search /list/test-test-test/ (desktop/tablet)",""
"passed","Tue Apr 26 15:22:16 GMT 2022","Tue Apr 26 15:22:25 GMT 2022","8782","","Citrus in search","","Citrus in search","display 1 citrus products on plain search (desktop/tablet)","display 1 citrus products on plain search (desktop/tablet)",""
"passed","Mon May 23 20:04:00 GMT 2022","Mon May 23 20:04:24 GMT 2022","23553","","Google AdSense","","Google AdSense","AdSense requests are called with correct adPage param","AdSense requests are called with correct adPage param",""
"passed","Fri Apr 08 09:25:42 GMT 2022","Fri Apr 08 09:25:56 GMT 2022","14408","","Citrus in search","","Citrus in search","display 1 citrus product on plain search (mobile)","display 1 citrus product on plain search (mobile)",""
"passed","Mon Jun 06 13:07:06 GMT 2022","Mon Jun 06 13:07:21 GMT 2022","14862","","Unsupported browser","","Unsupported browser","Customer browsing browse page with an unsupported browser","Customer browsing browse page with an unsupported browser",""
"passed","Thu Mar 31 10:52:21 GMT 2022","Thu Mar 31 10:52:40 GMT 2022","19429","","Google AdSense","","Google AdSense","AdSense requests when navigating from browse PLP to search and back again","AdSense requests when navigating from browse PLP to search and back again",""
"passed","Mon Apr 25 18:36:35 GMT 2022","Mon Apr 25 18:37:07 GMT 2022","32653","","Aggregations & Filters Functionality","","Aggregations & Filters Functionality","Multi-select and pagination Argos","Multi-select and pagination Argos",""
"failed","Thu Aug 11 09:26:54 GMT 2022","Thu Aug 11 09:27:18 GMT 2022","24069","","Citrus in browse","","Citrus in browse","display 2 citrus products on plain browse and sort (mobile)","display 2 citrus products on plain browse and sort (mobile)",""
"broken","Mon May 16 16:46:52 GMT 2022","Mon May 16 17:19:23 GMT 2022","1950880","","Product Card Variations","","Product Card Variations","Correct product card links for size searched variants large suitcase","Correct product card links for size searched variants large suitcase",""
"broken","Thu Apr 07 10:25:30 GMT 2022","Thu Apr 07 10:27:09 GMT 2022","98705","","Perceived Availability","","Perceived Availability","Close localise tooltip prompt on search page","Close localise tooltip prompt on search page",""
"passed","Tue Apr 26 17:12:19 GMT 2022","Tue Apr 26 17:12:30 GMT 2022","10690","","Perceived Availability","","Perceived Availability","Localised and products available to collect from <date>","Localised and products available to collect from <date>",""
"passed","Mon May 23 20:05:02 GMT 2022","Mon May 23 20:05:09 GMT 2022","7072","","Validate Filter Product Counts","","Validate Filter Product Counts","Prepush : Product count in search title","Prepush : Product count in search title",""
"passed","Mon May 23 20:04:01 GMT 2022","Mon May 23 20:04:13 GMT 2022","12812","","Pagination on search results page","","Pagination on search results page","Paginating backwards and forwards through the results with next and previous buttons","Paginating backwards and forwards through the results with next and previous buttons",""
"passed","Wed Aug 17 10:26:06 GMT 2022","Wed Aug 17 10:26:16 GMT 2022","9918","","Add to Wishlist","","Add to Wishlist","Clicking the wishlist icon on a browse lister page","Clicking the wishlist icon on a browse lister page",""
"passed","Mon May 23 20:05:08 GMT 2022","Mon May 23 20:05:30 GMT 2022","21874","","Google AdSense","","Google AdSense","AdSense requests are called with correct channel ids on desktop/tablet","AdSense requests are called with correct channel ids on desktop/tablet",""
"passed","Mon Mar 28 15:12:22 GMT 2022","Mon Mar 28 15:12:50 GMT 2022","27374","","Google AdSense","","Google AdSense","AdSense requests when navigating from browse PLP to search and back again","AdSense requests when navigating from browse PLP to search and back again",""
"passed","Mon Jun 06 13:07:06 GMT 2022","Mon Jun 06 13:07:16 GMT 2022","10577","","Unsupported browser","","Unsupported browser","Customer browsing canned search test page with an unsupported browser","Customer browsing canned search test page with an unsupported browser",""
"passed","Fri Apr 01 12:54:00 GMT 2022","Fri Apr 01 12:54:26 GMT 2022","25778","","Add to Trolley","","Add to Trolley","Add to trolley modal and close by clicking the background overlay","Add to trolley modal and close by clicking the background overlay",""
"passed","Mon May 23 20:03:39 GMT 2022","Mon May 23 20:04:01 GMT 2022","21760","","Aggregations & Filters Functionality","","Aggregations & Filters Functionality","Perform sort after single select","Perform sort after single select",""
"passed","Thu Mar 31 10:53:20 GMT 2022","Thu Mar 31 10:53:27 GMT 2022","6729","","Category facet exact match","","Category facet exact match","prepush","prepush",""
"passed","Thu Mar 31 10:53:15 GMT 2022","Thu Mar 31 10:53:28 GMT 2022","12833","","Sorting Functionality","","Sorting Functionality","prepush - search sorting by Price: Low - High","prepush - search sorting by Price: Low - High",""
"passed","Fri Apr 08 10:01:37 GMT 2022","Fri Apr 08 10:01:57 GMT 2022","20224","","Google AdSense","","Google AdSense","AdSense requests when updating search term","AdSense requests when updating search term",""
"failed","Thu Oct 20 16:15:40 GMT 2022","Thu Oct 20 16:15:47 GMT 2022","6802","","Argos credit banner is present","","Argos credit banner is present","Argos credit banner proposition","Argos credit banner proposition",""
"passed","Mon Apr 25 18:37:07 GMT 2022","Mon Apr 25 18:37:35 GMT 2022","27857","","Aggregations & Filters Functionality","","Aggregations & Filters Functionality","Multi-select and pagination habitat","Multi-select and pagination habitat",""
"passed","Mon May 23 20:02:05 GMT 2022","Mon May 23 20:02:19 GMT 2022","14211","","Category facet exact match","","Category facet exact match","prepush","prepush",""
"passed","Thu Mar 31 10:53:03 GMT 2022","Thu Mar 31 10:53:20 GMT 2022","17024","","Google AdSense","","Google AdSense","AdSense requests when updating search term","AdSense requests when updating search term",""
"passed","Thu Apr 07 10:35:16 GMT 2022","Thu Apr 07 10:35:23 GMT 2022","6778","","Perceived Availability","","Perceived Availability","Add your postcode link displays when not localised using search","Add your postcode link displays when not localised using search",""
"broken","Mon May 16 16:45:55 GMT 2022","Mon May 16 16:46:24 GMT 2022","29596","","Product Card Variations","","Product Card Variations","Correct product card links for size searched variants small suitcase","Correct product card links for size searched variants small suitcase",""
"passed","Mon May 23 20:04:13 GMT 2022","Mon May 23 20:04:28 GMT 2022","14717","","All Categories Link","","All Categories Link","selecting all categories link displays all categories for users search","selecting all categories link displays all categories for users search",""
"passed","Mon Apr 25 14:20:25 GMT 2022","Mon Apr 25 14:20:29 GMT 2022","4158","","Applied filters","","Applied filters","Bookmarked filtered browse page should see applied filters section","Bookmarked filtered browse page should see applied filters section",""
"passed","Wed Apr 20 08:21:02 GMT 2022","Wed Apr 20 08:21:18 GMT 2022","16171","","Sorting Functionality","","Sorting Functionality","prepush - search sorting by Price: Low - High","prepush - search sorting by Price: Low - High",""
"broken","Tue May 31 15:47:34 GMT 2022","Tue May 31 15:48:17 GMT 2022","43236","","Accessibility","","Accessibility","Accessibility violations on browse page","Accessibility violations on browse page",""
"passed","Mon Apr 25 16:53:02 GMT 2022","Mon Apr 25 16:53:15 GMT 2022","12235","","Applied filters","","Applied filters","Selected search page filters should see in the applied filter section","Selected search page filters should see in the applied filter section",""
"passed","Wed Apr 20 08:21:01 GMT 2022","Wed Apr 20 08:21:09 GMT 2022","8049","","Back to search results page from search directory page","","Back to search results page from search directory page","Navigating directly to the /sd route","Navigating directly to the /sd route",""
"passed","Thu Apr 07 10:35:07 GMT 2022","Thu Apr 07 10:35:16 GMT 2022","8820","","Perceived Availability","","Perceived Availability","Add your postcode link displays when not localised using browse","Add your postcode link displays when not localised using browse",""
"passed","Fri Apr 08 10:01:37 GMT 2022","Fri Apr 08 10:01:42 GMT 2022","4716","","Dyson stub server","","Dyson stub server","Access the dyson stub server","Access the dyson stub server",""
"passed","Thu Mar 31 10:52:20 GMT 2022","Thu Mar 31 10:52:35 GMT 2022","15662","","All Categories Link","","All Categories Link","selecting all categories link displays all categories for users search","selecting all categories link displays all categories for users search",""
"passed","Mon May 23 20:02:31 GMT 2022","Mon May 23 20:02:37 GMT 2022","6592","","Validate Filter Product Counts","","Validate Filter Product Counts","Prepush : Product count in search title","Prepush : Product count in search title",""
"broken","Mon May 23 17:19:08 GMT 2022","Mon May 23 17:19:22 GMT 2022","14005","","Reset All Button in the filter model","","Reset All Button in the filter model","Apply Reset All after filters","Apply Reset All after filters",""
"passed","Fri Apr 08 10:01:51 GMT 2022","Fri Apr 08 10:02:09 GMT 2022","17686","","Aggregations & Filters Functionality","","Aggregations & Filters Functionality","Perform sort after single select","Perform sort after single select",""
"failed","Thu Aug 11 14:21:59 GMT 2022","Thu Aug 11 14:22:20 GMT 2022","21046","","Canned Search","","Canned Search","Serving the correct canned search /list/test-test-test/ after filter","Serving the correct canned search /list/test-test-test/ after filter",""
"failed","Fri Apr 08 10:33:32 GMT 2022","Fri Apr 08 10:33:45 GMT 2022","13190","","Canned Search","","Canned Search","Serving 1 citrus ads canned search /list/test-test-test/ (desktop/tablet)","Serving 1 citrus ads canned search /list/test-test-test/ (desktop/tablet)",""
"passed","Mon Apr 25 18:38:02 GMT 2022","Mon Apr 25 18:38:12 GMT 2022","9590","","Aggregations & Filters Functionality","","Aggregations & Filters Functionality","Filter panel persists after filtering search page","Filter panel persists after filtering search page",""
"passed","Mon Apr 25 14:09:21 GMT 2022","Mon Apr 25 14:09:31 GMT 2022","9707","","All Categories Link","","All Categories Link","all categories link displayed after searching and selecting a category","all categories link displayed after searching and selecting a category",""
"passed","Fri Apr 08 13:39:51 GMT 2022","Fri Apr 08 13:40:10 GMT 2022","19102","","Add to Trolley","","Add to Trolley","Add to trolley modal and close by clicking the background overlay","Add to trolley modal and close by clicking the background overlay",""
"passed","Mon Apr 25 18:38:30 GMT 2022","Mon Apr 25 18:38:39 GMT 2022","8907","","Aggregations & Filters Functionality","","Aggregations & Filters Functionality","Filter panel persists after filtering clearance page","Filter panel persists after filtering clearance page",""
"passed","Fri Apr 08 10:02:10 GMT 2022","Fri Apr 08 10:02:24 GMT 2022","14591","","Google AdSense","","Google AdSense","AdSense requests when going to no results","AdSense requests when going to no results",""
"passed","Mon Apr 25 13:12:37 GMT 2022","Mon Apr 25 13:12:47 GMT 2022","9458","","Add to Trolley","","Add to Trolley","Add to trolley modal and close using the continue shopping button","Add to trolley modal and close using the continue shopping button",""
"passed","Mon Aug 08 08:41:23 GMT 2022","Mon Aug 08 08:42:14 GMT 2022","50932","","Category facet exact match","","Category facet exact match","User enters an exact category match, then applies a filter","User enters an exact category match, then applies a filter",""
"passed","Wed Sep 28 15:14:53 GMT 2022","Wed Sep 28 15:15:04 GMT 2022","10790","","Perceived Availability","","Perceived Availability","Add your postcode link does not display when localised using browse","Add your postcode link does not display when localised using browse",""
"passed","Mon Mar 28 15:13:09 GMT 2022","Mon Mar 28 15:13:31 GMT 2022","21807","","All Categories Link","","All Categories Link","selecting all categories link displays all categories for users search","selecting all categories link displays all categories for users search",""
"broken","Tue May 17 06:25:30 GMT 2022","Tue May 17 06:25:33 GMT 2022","3240","","Product Card Variations","","Product Card Variations","Correct product card links for size searched variants large suitcase","Correct product card links for size searched variants large suitcase",""
"passed","Mon Mar 28 15:12:57 GMT 2022","Mon Mar 28 15:13:15 GMT 2022","18428","","Citrus in search","","Citrus in search","prepush: display 3 citrus products on plain search and sort (desktop/tablet)","prepush: display 3 citrus products on plain search and sort (desktop/tablet)",""
"passed","Mon May 23 20:02:05 GMT 2022","Mon May 23 20:02:19 GMT 2022","14520","","Pagination on search results page","","Pagination on search results page","Paginating backwards and forwards through the results with next and previous buttons","Paginating backwards and forwards through the results with next and previous buttons",""
"passed","Mon Mar 28 15:13:19 GMT 2022","Mon Mar 28 15:13:40 GMT 2022","21414","","Google AdSense","","Google AdSense","AdSense requests when updating search term","AdSense requests when updating search term",""
"passed","Mon Aug 08 08:35:45 GMT 2022","Mon Aug 08 08:36:35 GMT 2022","49986","","Category facet exact match","","Category facet exact match","User enters an exact category match, then applies a filter","User enters an exact category match, then applies a filter",""
"passed","Thu Mar 31 10:52:21 GMT 2022","Thu Mar 31 10:52:33 GMT 2022","12097","","Perceived Availability","","Perceived Availability","Localised and product is OOS for collection and delivery (prepush)","Localised and product is OOS for collection and delivery (prepush)",""
"passed","Mon Apr 25 16:53:15 GMT 2022","Mon Apr 25 16:53:26 GMT 2022","11337","","Applied filters","","Applied filters","Selected PLP+ page filters should not see in the applied filter section","Selected PLP+ page filters should not see in the applied filter section",""
"passed","Mon May 16 15:31:55 GMT 2022","Mon May 16 15:32:08 GMT 2022","13075","","Product Card Variations","","Product Card Variations","Correct product card links for size searched variants medium suitcase","Correct product card links for size searched variants medium suitcase",""
"passed","Mon May 23 20:05:08 GMT 2022","Mon May 23 20:05:14 GMT 2022","5762","","Back to search results page from search directory page","","Back to search results page from search directory page","Navigating directly to the /sd route","Navigating directly to the /sd route",""
"passed","Mon Apr 25 18:35:59 GMT 2022","Mon Apr 25 18:36:35 GMT 2022","36070","","Aggregations & Filters Functionality","","Aggregations & Filters Functionality","Check then un-check multi-select filter","Check then un-check multi-select filter",""
"passed","Mon May 23 20:01:20 GMT 2022","Mon May 23 20:01:45 GMT 2022","24440","","Aggregations & Filters Functionality","","Aggregations & Filters Functionality","Perform sort after single select","Perform sort after single select",""
"passed","Fri Apr 08 10:01:33 GMT 2022","Fri Apr 08 10:01:41 GMT 2022","8066","","Feedback on search results page","","Feedback on search results page","Pre-push The feedback box should be reset when the user navigates to a different search term","Pre-push The feedback box should be reset when the user navigates to a different search term",""
"passed","Mon Jun 06 13:07:06 GMT 2022","Mon Jun 06 13:07:20 GMT 2022","13743","","Unsupported browser","","Unsupported browser","Customer browsing clearance page with an unsupported browser","Customer browsing clearance page with an unsupported browser",""
"passed","Thu Mar 31 10:52:42 GMT 2022","Thu Mar 31 10:52:49 GMT 2022","7025","","Bespoke white goods product card","","Bespoke white goods product card","Bespoke white goods product cards displayed on white goods browse lister","Bespoke white goods product cards displayed on white goods browse lister",""
"passed","Mon Mar 28 15:14:02 GMT 2022","Mon Mar 28 15:14:08 GMT 2022","6009","","Dyson stub server","","Dyson stub server","Access the dyson stub server","Access the dyson stub server",""
"passed","Mon May 23 20:02:05 GMT 2022","Mon May 23 20:02:15 GMT 2022","10193","","Perceived Availability","","Perceived Availability","Add your postcode link displays when not localised (prepush)","Add your postcode link displays when not localised (prepush)",""
"passed","Fri Oct 21 10:14:18 GMT 2022","Fri Oct 21 10:14:19 GMT 2022","403","","API proxies","","API proxies","Homepage CMS API proxy","Homepage CMS API proxy",""
"passed","Wed Sep 21 09:07:53 GMT 2022","Wed Sep 21 09:08:48 GMT 2022","55641","","CMS content in list","","CMS content in list","Content in PLP list","Content in PLP list",""
"passed","Mon Apr 25 16:54:50 GMT 2022","Mon Apr 25 16:55:08 GMT 2022","18442","","Applied filters","","Applied filters","Selected browse page filters should see in the applied filter section","Selected browse page filters should see in the applied filter section",""
"passed","Mon May 23 20:02:29 GMT 2022","Mon May 23 20:02:55 GMT 2022","25994","","Customer Rating filter in the filter panel","","Customer Rating filter in the filter panel","Apply Customer Rating filter updates the URL","Apply Customer Rating filter updates the URL",""
"broken","Tue May 31 15:47:09 GMT 2022","Tue May 31 15:47:34 GMT 2022","25011","","Accessibility","","Accessibility","Accessibility violations on search page","Accessibility violations on search page",""
"passed","Mon Mar 28 15:12:22 GMT 2022","Mon Mar 28 15:12:31 GMT 2022","9855","","Bespoke white goods product card","","Bespoke white goods product card","Bespoke white goods product cards displayed on white goods browse lister","Bespoke white goods product cards displayed on white goods browse lister",""
"passed","Mon Mar 28 15:13:44 GMT 2022","Mon Mar 28 15:13:55 GMT 2022","10628","","Category facet exact match","","Category facet exact match","prepush","prepush",""
"passed","Thu Apr 07 12:30:25 GMT 2022","Thu Apr 07 12:30:37 GMT 2022","12384","","Add to Trolley","","Add to Trolley","Add to trolley modal and close using the X button","Add to trolley modal and close using the X button",""
"passed","Mon May 23 20:04:24 GMT 2022","Mon May 23 20:04:39 GMT 2022","15712","","Google AdSense","","Google AdSense","AdSense requests when updating search term","AdSense requests when updating search term",""
"passed","Mon Mar 28 15:12:22 GMT 2022","Mon Mar 28 15:12:57 GMT 2022","34346","","Customer Rating filter in the filter panel","","Customer Rating filter in the filter panel","Apply Customer Rating filter updates the URL","Apply Customer Rating filter updates the URL",""
"passed","Thu Apr 07 12:31:02 GMT 2022","Thu Apr 07 12:31:13 GMT 2022","10613","","Add to Trolley","","Add to Trolley","Add to trolley modal and close using the X button","Add to trolley modal and close using the X button",""
"passed","Fri Apr 08 11:37:16 GMT 2022","Fri Apr 08 11:37:27 GMT 2022","11061","","Canned Search","","Canned Search","Serving the correct component 404 page <expired canned search>","Serving the correct component 404 page <expired canned search>",""
"failed","Tue May 17 06:25:17 GMT 2022","Tue May 17 06:25:30 GMT 2022","12135","","Product Card Variations","","Product Card Variations","Correct product card links for size searched variants medium suitcase","Correct product card links for size searched variants medium suitcase",""
"passed","Thu Mar 31 10:52:52 GMT 2022","Thu Mar 31 10:53:00 GMT 2022","7618","","Validate Filter Product Counts","","Validate Filter Product Counts","Prepush : Product count in search title","Prepush : Product count in search title",""
"passed","Mon May 23 20:02:25 GMT 2022","Mon May 23 20:02:30 GMT 2022","4764","","Dyson stub server","","Dyson stub server","Access the dyson stub server","Access the dyson stub server",""
"passed","Mon Apr 25 13:10:26 GMT 2022","Mon Apr 25 13:10:34 GMT 2022","7737","","Add to Trolley","","Add to Trolley","Add to trolley modal and close by clicking the background overlay","Add to trolley modal and close by clicking the background overlay",""
"passed","Mon Apr 25 14:20:06 GMT 2022","Mon Apr 25 14:20:12 GMT 2022","5453","","Applied filters","","Applied filters","Bookmarked search page should not see applied filters section","Bookmarked search page should not see applied filters section",""
"passed","Mon Mar 28 15:13:56 GMT 2022","Mon Mar 28 15:14:10 GMT 2022","14556","","Google AdSense","","Google AdSense","AdSense requests when going to no results","AdSense requests when going to no results",""
"passed","Wed Apr 20 08:21:24 GMT 2022","Wed Apr 20 08:21:32 GMT 2022","7955","","Feedback on search results page","","Feedback on search results page","Pre-push The feedback box should be reset when the user navigates to a different search term","Pre-push The feedback box should be reset when the user navigates to a different search term",""
"passed","Thu Mar 31 10:52:44 GMT 2022","Thu Mar 31 10:52:51 GMT 2022","6744","","Feedback on search results page","","Feedback on search results page","Pre-push The feedback box should be reset when the user navigates to a different search term","Pre-push The feedback box should be reset when the user navigates to a different search term",""
"passed","Mon Mar 28 12:54:43 GMT 2022","Mon Mar 28 12:55:00 GMT 2022","16146","","Citrus","","Citrus","prepush: citrus products on plain search and sort (desktop/tablet)","prepush: citrus products on plain search and sort (desktop/tablet)",""
"passed","Thu Apr 07 10:47:14 GMT 2022","Thu Apr 07 10:47:31 GMT 2022","16837","","Citrus","","Citrus","prepush: citrus products on plain search and sort (desktop/tablet)","prepush: citrus products on plain search and sort (desktop/tablet)",""
"passed","Thu Mar 31 10:52:57 GMT 2022","Thu Mar 31 10:53:09 GMT 2022","12162","","Tagging - Lister Page","","Tagging - Lister Page","prepush","prepush",""
"passed","Fri Apr 01 12:52:04 GMT 2022","Fri Apr 01 12:52:39 GMT 2022","35043","","Add to Trolley","","Add to Trolley","Add to trolley modal and close using the continue shopping button","Add to trolley modal and close using the continue shopping button",""
"passed","Fri Apr 01 12:51:59 GMT 2022","Fri Apr 01 12:52:37 GMT 2022","38163","","Add to Trolley","","Add to Trolley","Add to trolley modal and close using the continue shopping button","Add to trolley modal and close using the continue shopping button",""
"passed","Wed Apr 20 08:22:14 GMT 2022","Wed Apr 20 08:22:40 GMT 2022","25948","","Customer Rating filter in the filter panel","","Customer Rating filter in the filter panel","Apply Customer Rating filter updates the URL","Apply Customer Rating filter updates the URL",""
"passed","Mon Mar 28 15:13:32 GMT 2022","Mon Mar 28 15:13:52 GMT 2022","19753","","Aggregations & Filters Functionality","","Aggregations & Filters Functionality","Perform sort after single select","Perform sort after single select",""
"passed","Wed Apr 20 08:21:53 GMT 2022","Wed Apr 20 08:21:57 GMT 2022","4856","","Dyson stub server","","Dyson stub server","Access the dyson stub server","Access the dyson stub server",""
"passed","Tue Apr 26 16:56:10 GMT 2022","Tue Apr 26 16:56:21 GMT 2022","10517","","Category facet","","Category facet","Navigate down through the search taxonomy","Navigate down through the search taxonomy",""
"failed","Mon Aug 08 08:55:04 GMT 2022","Mon Aug 08 08:55:20 GMT 2022","16250","","Tagging - Lister Page","","Tagging - Lister Page","Search term matches a category. Refinement automatically applied to tagging","Search term matches a category. Refinement automatically applied to tagging",""
"broken","Tue May 31 15:48:17 GMT 2022","Tue May 31 15:48:57 GMT 2022","40277","","Accessibility","","Accessibility","Accessibility violations on clothing lister page","Accessibility violations on clothing lister page",""
"passed","Thu Oct 20 18:48:51 GMT 2022","Thu Oct 20 18:48:53 GMT 2022","1870","","Search bar","","Search bar","Search bar displays","Search bar displays",""
"passed","Thu Sep 22 13:12:15 GMT 2022","Thu Sep 22 13:12:27 GMT 2022","11658","","CMS displayed content","","CMS displayed content","Navigation from CLP content link","Navigation from CLP content link",""
"passed","Wed Apr 20 07:56:47 GMT 2022","Wed Apr 20 07:56:55 GMT 2022","8286","","Feedback on search results page","","Feedback on search results page","User is happy with their searching experience so clicks the 'Yes' button in the feedback box","User is happy with their searching experience so clicks the 'Yes' button in the feedback box",""
"passed","Mon Apr 25 16:54:32 GMT 2022","Mon Apr 25 16:54:50 GMT 2022","17453","","Applied filters","","Applied filters","Selected PLP+ page filters should not see in the applied filter section","Selected PLP+ page filters should not see in the applied filter section",""
"passed","Mon Apr 25 18:37:35 GMT 2022","Mon Apr 25 18:38:02 GMT 2022","26876","","Aggregations & Filters Functionality","","Aggregations & Filters Functionality","Clear filters per facet - multi-select","Clear filters per facet - multi-select",""
"passed","Tue Aug 16 19:47:18 GMT 2022","Tue Aug 16 19:47:25 GMT 2022","7691","","CMS content in list","","CMS content in list","Content in canned list visible on filtering","Content in canned list visible on filtering",""
"passed","Tue Apr 26 15:30:59 GMT 2022","Tue Apr 26 15:31:09 GMT 2022","10010","","Clearance badges","","Clearance badges","Search lister page displaying clearance badges","Search lister page displaying clearance badges",""
"passed","Fri Apr 08 10:01:57 GMT 2022","Fri Apr 08 10:02:10 GMT 2022","12866","","Google AdSense","","Google AdSense","AdSense requests when coming from no results","AdSense requests when coming from no results",""
"passed","Wed Apr 20 08:22:16 GMT 2022","Wed Apr 20 08:22:33 GMT 2022","16360","","Google AdSense","","Google AdSense","AdSense requests when coming from no results","AdSense requests when coming from no results",""
"passed","Mon Aug 08 08:32:28 GMT 2022","Mon Aug 08 08:32:49 GMT 2022","21029","","Category facet exact match","","Category facet exact match","User enters an exact category match, then applies a filter","User enters an exact category match, then applies a filter",""
"passed","Fri Apr 08 10:34:35 GMT 2022","Fri Apr 08 10:34:48 GMT 2022","12998","","Canned Search","","Canned Search","Serving 1 citrus ads canned search /list/test-test-test/ (desktop/tablet)","Serving 1 citrus ads canned search /list/test-test-test/ (desktop/tablet)",""
"passed","Mon May 23 20:04:39 GMT 2022","Mon May 23 20:04:53 GMT 2022","13379","","Google AdSense","","Google AdSense","AdSense requests when coming from no results","AdSense requests when coming from no results",""
"passed","Fri Apr 08 09:48:48 GMT 2022","Fri Apr 08 09:49:04 GMT 2022","16674","","Canned Search","","Canned Search","Serving 1 citrus ads canned search /list/test-test-test/ (mobile)","Serving 1 citrus ads canned search /list/test-test-test/ (mobile)",""
"passed","Mon May 23 20:04:00 GMT 2022","Mon May 23 20:04:14 GMT 2022","13403","","Sorting Functionality","","Sorting Functionality","prepush - search sorting by Price: Low - High","prepush - search sorting by Price: Low - High",""
"passed","Mon Apr 25 14:20:12 GMT 2022","Mon Apr 25 14:20:16 GMT 2022","4191","","Applied filters","","Applied filters","Bookmarked cat-match search page should not see applied filters section","Bookmarked cat-match search page should not see applied filters section",""
"passed","Mon Mar 28 15:12:50 GMT 2022","Mon Mar 28 15:13:19 GMT 2022","29104","","Google AdSense","","Google AdSense","AdSense requests are called with correct adPage param","AdSense requests are called with correct adPage param",""
"failed","Mon Apr 25 18:45:45 GMT 2022","Mon Apr 25 18:45:50 GMT 2022","5732","","Aggregations & Filters Functionality","","Aggregations & Filters Functionality","Close filter panel by clicking on background overlay","Close filter panel by clicking on background overlay",""
"passed","Wed Apr 20 08:22:33 GMT 2022","Wed Apr 20 08:22:49 GMT 2022","16088","","Google AdSense","","Google AdSense","AdSense requests when going to no results","AdSense requests when going to no results",""
"passed","Wed Aug 10 11:02:02 GMT 2022","Wed Aug 10 11:02:31 GMT 2022","29174","","Citrus in browse","","Citrus in browse","display 1 citrus product filtered by price in browse (mobile)","display 1 citrus product filtered by price in browse (mobile)",""
"passed","Mon May 16 15:31:44 GMT 2022","Mon May 16 15:31:55 GMT 2022","11244","","Product Card Variations","","Product Card Variations","Correct product card links for size searched variants small suitcase","Correct product card links for size searched variants small suitcase",""
"broken","Mon May 16 16:46:24 GMT 2022","Mon May 16 16:46:52 GMT 2022","27779","","Product Card Variations","","Product Card Variations","Correct product card links for size searched variants medium suitcase","Correct product card links for size searched variants medium suitcase",""
"passed","Wed Apr 20 08:21:02 GMT 2022","Wed Apr 20 08:21:26 GMT 2022","23627","","Google AdSense","","Google AdSense","AdSense requests when navigating from browse PLP to search and back again","AdSense requests when navigating from browse PLP to search and back again",""
"passed","Wed Apr 20 08:22:49 GMT 2022","Wed Apr 20 08:23:12 GMT 2022","23321","","Google AdSense","","Google AdSense","AdSense requests are called with correct channel ids on desktop/tablet","AdSense requests are called with correct channel ids on desktop/tablet",""
"passed","Mon May 23 20:04:06 GMT 2022","Mon May 23 20:04:13 GMT 2022","7442","","Category facet exact match","","Category facet exact match","prepush","prepush",""
"passed","Mon Apr 25 14:20:29 GMT 2022","Mon Apr 25 14:20:34 GMT 2022","4975","","Applied filters","","Applied filters","Bookmarked browse page should not see applied filters section","Bookmarked browse page should not see applied filters section",""
"broken","Mon Apr 25 18:32:42 GMT 2022","Mon Apr 25 18:32:50 GMT 2022","7594","","Aggregations & Filters Functionality","","Aggregations & Filters Functionality","Selecting single filters in different facets","Selecting single filters in different facets",""
"passed","Fri Apr 08 10:01:49 GMT 2022","Fri Apr 08 10:02:04 GMT 2022","14652","","All Categories Link","","All Categories Link","selecting all categories link displays all categories for users search","selecting all categories link displays all categories for users search",""
"failed","Thu Apr 07 09:58:04 GMT 2022","Thu Apr 07 09:58:14 GMT 2022","9796","","Perceived Availability","","Perceived Availability","Localise tooltip prompt browse","Localise tooltip prompt browse",""
"passed","Mon Mar 28 15:13:45 GMT 2022","Mon Mar 28 15:13:55 GMT 2022","10205","","Perceived Availability","","Perceived Availability","Add your postcode link displays when not localised (prepush)","Add your postcode link displays when not localised (prepush)",""
"passed","Thu Mar 31 10:52:43 GMT 2022","Thu Mar 31 10:52:48 GMT 2022","4916","","Dyson stub server","","Dyson stub server","Access the dyson stub server","Access the dyson stub server",""
"passed","Wed Apr 20 08:21:34 GMT 2022","Wed Apr 20 08:21:42 GMT 2022","7349","","Bespoke white goods product card","","Bespoke white goods product card","Bespoke white goods product cards displayed on white goods browse lister","Bespoke white goods product cards displayed on white goods browse lister",""
"passed","Mon Apr 25 18:35:32 GMT 2022","Mon Apr 25 18:35:59 GMT 2022","26715","","Aggregations & Filters Functionality","","Aggregations & Filters Functionality","Perform sort after multi-select PRICE> and BRANDS","Perform sort after multi-select PRICE> and BRANDS",""
"passed","Fri Apr 08 10:01:16 GMT 2022","Fri Apr 08 10:01:23 GMT 2022","7004","","Bespoke white goods product card","","Bespoke white goods product card","Bespoke white goods product cards displayed on white goods browse lister","Bespoke white goods product cards displayed on white goods browse lister",""
"passed","Wed Aug 10 14:53:10 GMT 2022","Wed Aug 10 14:53:27 GMT 2022","17091","","CMS content in list","","CMS content in list","Content in PLP list","Content in PLP list",""
"passed","Mon Apr 25 18:35:03 GMT 2022","Mon Apr 25 18:35:15 GMT 2022","11874","","Aggregations & Filters Functionality","","Aggregations & Filters Functionality","Ensure sorting is maintained after single select","Ensure sorting is maintained after single select",""
"passed","Fri Apr 08 10:00:55 GMT 2022","Fri Apr 08 10:01:17 GMT 2022","22003","","Customer Rating filter in the filter panel","","Customer Rating filter in the filter panel","Apply Customer Rating filter updates the URL","Apply Customer Rating filter updates the URL",""
"passed","Wed Apr 20 08:22:27 GMT 2022","Wed Apr 20 08:22:39 GMT 2022","11992","","Perceived Availability","","Perceived Availability","Localised and product is OOS for collection and delivery (prepush)","Localised and product is OOS for collection and delivery (prepush)",""
"failed","Wed Sep 28 15:37:33 GMT 2022","Wed Sep 28 15:37:55 GMT 2022","22271","","Perceived Availability","","Perceived Availability","Localised and products available to collect from <date>","Localised and products available to collect from <date>",""
"passed","Wed Apr 20 08:21:33 GMT 2022","Wed Apr 20 08:21:41 GMT 2022","8051","","Validate Filter Product Counts","","Validate Filter Product Counts","Prepush : Product count in search title","Prepush : Product count in search title",""
"passed","Mon Apr 25 16:54:15 GMT 2022","Mon Apr 25 16:54:32 GMT 2022","17804","","Applied filters","","Applied filters","Selected search page filters should see in the applied filter section","Selected search page filters should see in the applied filter section",""
"passed","Mon Apr 25 18:34:34 GMT 2022","Mon Apr 25 18:35:03 GMT 2022","29355","","Aggregations & Filters Functionality","","Aggregations & Filters Functionality","Selecting multiple filters across different facets PRICE and BRANDS","Selecting multiple filters across different facets PRICE and BRANDS",""
"passed","Fri Apr 01 12:52:45 GMT 2022","Fri Apr 01 12:53:16 GMT 2022","30230","","Add to Trolley","","Add to Trolley","Add to trolley modal and close using the X button","Add to trolley modal and close using the X button",""
"passed","Wed Apr 20 08:21:01 GMT 2022","Wed Apr 20 08:21:16 GMT 2022","14188","","Tagging - Lister Page","","Tagging - Lister Page","prepush","prepush",""
"passed","Mon Mar 28 15:14:10 GMT 2022","Mon Mar 28 15:14:33 GMT 2022","22549","","Google AdSense","","Google AdSense","AdSense requests are called with correct channel ids on desktop/tablet","AdSense requests are called with correct channel ids on desktop/tablet",""
"passed","Fri Apr 08 10:01:48 GMT 2022","Fri Apr 08 10:02:00 GMT 2022","11418","","Perceived Availability","","Perceived Availability","Localised and product is OOS for collection and delivery (prepush)","Localised and product is OOS for collection and delivery (prepush)",""
"passed","Mon May 23 20:02:40 GMT 2022","Mon May 23 20:02:45 GMT 2022","5557","","Back to search results page from search directory page","","Back to search results page from search directory page","Navigating directly to the /sd route","Navigating directly to the /sd route",""
"broken","Mon May 23 19:21:01 GMT 2022","Mon May 23 19:21:40 GMT 2022","39537","","Reset All Button in the filter model","","Reset All Button in the filter model","Apply Reset All after filters","Apply Reset All after filters",""
"passed","Mon May 23 20:04:53 GMT 2022","Mon May 23 20:05:08 GMT 2022","15309","","Google AdSense","","Google AdSense","AdSense requests when going to no results","AdSense requests when going to no results",""
"passed","Wed Apr 20 08:21:53 GMT 2022","Wed Apr 20 08:22:09 GMT 2022","16383","","Perceived Availability","","Perceived Availability","Add your postcode link displays when not localised (prepush)","Add your postcode link displays when not localised (prepush)",""
"passed","Thu Mar 31 10:52:58 GMT 2022","Thu Mar 31 10:53:04 GMT 2022","6376","","Perceived Availability","","Perceived Availability","Add your postcode link displays when not localised (prepush)","Add your postcode link displays when not localised (prepush)",""
"passed","Mon Jun 06 13:07:06 GMT 2022","Mon Jun 06 13:07:21 GMT 2022","15455","","Unsupported browser","","Unsupported browser","Customer browsing account page with an unsupported browser","Customer browsing account page with an unsupported browser",""
"passed","Mon May 23 20:03:39 GMT 2022","Mon May 23 20:04:00 GMT 2022","20889","","Google AdSense","","Google AdSense","AdSense requests when navigating from browse PLP to search and back again","AdSense requests when navigating from browse PLP to search and back again",""
"passed","Fri Apr 08 10:01:20 GMT 2022","Fri Apr 08 10:01:28 GMT 2022","8664","","Perceived Availability","","Perceived Availability","Add your postcode link displays when not localised (prepush)","Add your postcode link displays when not localised (prepush)",""
"passed","Fri Apr 08 10:01:26 GMT 2022","Fri Apr 08 10:01:38 GMT 2022","12224","","Pagination on search results page","","Pagination on search results page","Paginating backwards and forwards through the results with next and previous buttons","Paginating backwards and forwards through the results with next and previous buttons",""
"passed","Mon Apr 25 14:20:16 GMT 2022","Mon Apr 25 14:20:21 GMT 2022","4644","","Applied filters","","Applied filters","Bookmarked filtered search page should see applied filters section","Bookmarked filtered search page should see applied filters section",""
"passed","Thu Mar 31 10:53:01 GMT 2022","Thu Mar 31 10:53:19 GMT 2022","18602","","Citrus","","Citrus","prepush: citrus products on plain search and sort (desktop/tablet)","prepush: citrus products on plain search and sort (desktop/tablet)",""
"passed","Mon Jun 06 13:07:05 GMT 2022","Mon Jun 06 13:07:17 GMT 2022","12348","","Unsupported browser","","Unsupported browser","Customer browsing basket page with an unsupported browser","Customer browsing basket page with an unsupported browser",""
"passed","Mon May 23 20:01:20 GMT 2022","Mon May 23 20:01:32 GMT 2022","11337","","Bespoke white goods product card","","Bespoke white goods product card","Bespoke white goods product cards displayed on white goods browse lister","Bespoke white goods product cards displayed on white goods browse lister",""
"passed","Fri Oct 21 10:14:18 GMT 2022","Fri Oct 21 10:14:18 GMT 2022","500","","API proxies","","API proxies","Events page CMS API proxy","Events page CMS API proxy",""
"passed","Wed Apr 20 08:21:26 GMT 2022","Wed Apr 20 08:21:52 GMT 2022","26206","","Google AdSense","","Google AdSense","AdSense requests are called with correct adPage param","AdSense requests are called with correct adPage param",""
"passed","Tue Apr 26 16:19:38 GMT 2022","Tue Apr 26 16:19:52 GMT 2022","14557","","Sorting Functionality","","Sorting Functionality","Filter maintained after Sorting Price: High - Low","Filter maintained after Sorting Price: High - Low",""
"passed","Mon May 23 20:01:20 GMT 2022","Mon May 23 20:01:30 GMT 2022","10334","","Feedback on search results page","","Feedback on search results page","Pre-push The feedback box should be reset when the user navigates to a different search term","Pre-push The feedback box should be reset when the user navigates to a different search term",""
"passed","Thu Mar 31 10:52:20 GMT 2022","Thu Mar 31 10:52:33 GMT 2022","13032","","Pagination on search results page","","Pagination on search results page","Paginating backwards and forwards through the results with next and previous buttons","Paginating backwards and forwards through the results with next and previous buttons",""
"passed","Fri Apr 01 12:53:08 GMT 2022","Fri Apr 01 12:53:39 GMT 2022","30436","","Add to Trolley","","Add to Trolley","Add to trolley modal and close using the X button","Add to trolley modal and close using the X button",""
"passed","Mon May 23 20:02:05 GMT 2022","Mon May 23 20:02:20 GMT 2022","15311","","Sorting Functionality","","Sorting Functionality","prepush - search sorting by Price: Low - High","prepush - search sorting by Price: Low - High",""
"passed","Mon Jun 06 13:07:06 GMT 2022","Mon Jun 06 13:07:18 GMT 2022","11919","","Unsupported browser","","Unsupported browser","Customer browsing search page with an unsupported browser","Customer browsing search page with an unsupported browser",""
"passed","Mon Mar 28 15:13:40 GMT 2022","Mon Mar 28 15:13:56 GMT 2022","15497","","Google AdSense","","Google AdSense","AdSense requests when coming from no results","AdSense requests when coming from no results",""
